Plant_species,Mycorrhizal_strategy,Drought_adaptation
Aconitum_columbianum,AM,sensitive
Agrostis_canina,AM,sensitive
Agrostis_capillaris,AM,sensitive
Agrostis_exarata,AM,sensitive
Agrostis_gigantea,AM,sensitive
Agrostis_pallens,AM,sensitive
Agrostis_perennans,AM,sensitive
Agrostis_scabra,AM,sensitive
Agrostis_stolonifera,AM,sensitive
Ajuga_reptans,AM,sensitive
Allium_validum,AM,sensitive
Anemone_multifida,AM,sensitive
Angelica_arguta,AM,sensitive
Arctagrostis_latifolia,AM,sensitive
Potentilla_anserina,AM,sensitive
Arnica_lanceolata_subsp._prima,AM,sensitive
Arnica_cordifolia,AM,sensitive
Arnica_fulgens,AM,sensitive
Artemisia_arctica,AM,sensitive
Artemisia_tilesii,AM,sensitive
Avena_sativa,AM,sensitive
Avena_strigosa,AM,sensitive
Berberis_thunbergii,AM,sensitive
Bidens_aristosa,AM,sensitive
Bidens_cernua,AM,sensitive
Bidens_trichosperma,AM,sensitive
Bidens_discoidea,AM,sensitive
Bidens_frondosa,AM,sensitive
Bidens_laevis,AM,sensitive
Bidens_mitis,AM,sensitive
Bidens_tripartita,AM,sensitive
Bromus_arvensis,AM,sensitive
Bromus_catharticus,AM,sensitive
Calamagrostis_canadensis,AM,sensitive
Campanula_americana,AM,sensitive
Circaea_alpina,AM,sensitive
Convallaria_majalis,AM,sensitive
Cornus_alternifolia,AM,sensitive
Cornus_amomum,AM,sensitive
Cornus_canadensis,AM,sensitive
Cornus_foemina,AM,sensitive
Cornus_nuttallii,AM,sensitive
Cotoneaster_apiculatus,AM,sensitive
Cotoneaster_salicifolius,AM,sensitive
Deschampsia_cespitosa,AM,sensitive
Digitalis_purpurea,AM,sensitive
Digitaria_ciliaris,AM,sensitive
Elymus_repens,AM,sensitive
Epilobium_leptophyllum,AM,sensitive
Erigeron_philadelphicus,AM,sensitive
Festuca_idahoensis,AM,sensitive
Festuca_subverticillata,AM,sensitive
Geranium_richardsonii,AM,sensitive
Geum_rivale,AM,sensitive
Geum_vernum,AM,sensitive
Hedera_helix,AM,sensitive
Heracleum_maximum,AM,sensitive
Hordeum_pusillum,AM,sensitive
Impatiens_capensis,AM,sensitive
Impatiens_pallida,AM,sensitive
Iris_fulva,AM,sensitive
Iris_missouriensis,AM,sensitive
Juniperus_horizontalis,AM,sensitive
Malva_assurgentiflora,AM,sensitive
Leersia_oryzoides,AM,sensitive
Linum_striatum,AM,sensitive
Lolium_perenne,AM,sensitive
Lolium_rigidum,AM,sensitive
Lonicera_involucrata,AM,sensitive
Lonicera_maackii,AM,sensitive
Lonicera_sempervirens,AM,sensitive
Lotus_pedunculatus,AM,sensitive
Mentha_arvensis,AM,sensitive
Myosurus_minimus,AM,sensitive
Oenothera_fruticosa,AM,sensitive
Phalaris_arundinacea,AM,sensitive
Philadelphus_coronarius,AM,sensitive
Phleum_alpinum,AM,sensitive
Phleum_pratense,AM,sensitive
Platanus_occidentalis,AM,sensitive
Potentilla_plattensis,AM,sensitive
Primula_incana,AM,sensitive
Ranunculus_abortivus,AM,sensitive
Ranunculus_alismifolius,AM,sensitive
Halerpestes_cymbalaria,AM,sensitive
Ranunculus_eschscholtzii,AM,sensitive
Ranunculus_flammula,AM,sensitive
Ranunculus_glaberrimus,AM,sensitive
Ranunculus_hispidus,AM,sensitive
Ranunculus_hyperboreus,AM,sensitive
Ranunculus_aquatilis_var._diffusus,AM,sensitive
Ranunculus_macounii,AM,sensitive
Ranunculus_pensylvanicus,AM,sensitive
Ranunculus_repens,AM,sensitive
Ribes_inerme,AM,sensitive
Ribes_lacustre,AM,sensitive
Ribes_nevadense,AM,sensitive
Ribes_triste,AM,sensitive
Rosa_acicularis,AM,sensitive
Rosa_palustris,AM,sensitive
Rubus_arcticus,AM,sensitive
Rubus_cuneifolius,AM,sensitive
Rubus_flagellaris,AM,sensitive
Sambucus_racemosa,AM,sensitive
Scolochloa_festucacea,AM,sensitive
Senecio_triangularis,AM,sensitive
Setaria_italica,AM,sensitive
Setaria_pumila,AM,sensitive
Solanum_lycopersicum,AM,sensitive
Solanum_melongena,AM,sensitive
Solidago_caesia,AM,sensitive
Solidago_fistulosa,AM,sensitive
Solidago_multiradiata,AM,sensitive
Solidago_patula,AM,sensitive
Solidago_uliginosa,AM,sensitive
Sorbus_americana,AM,sensitive
Sorbus_aucuparia,AM,sensitive
Spiraea_betulifolia,AM,sensitive
Spiraea_prunifolia,AM,sensitive
Stachys_palustris,AM,sensitive
Teucrium_canadense,AM,sensitive
Trifolium_alexandrinum,AM,sensitive
Trifolium_fragiferum,AM,sensitive
Trifolium_hybridum,AM,sensitive
Trifolium_incarnatum,AM,sensitive
Trifolium_pratense,AM,sensitive
Trifolium_repens,AM,sensitive
Trifolium_vesiculosum,AM,sensitive
Trifolium_wormskioldii,AM,sensitive
Ulmus_alata,AM,sensitive
Veratrum_californicum,AM,sensitive
Viburnum_dentatum,AM,sensitive
Viburnum_edule,AM,sensitive
Viburnum_lentago,AM,sensitive
Vicia_benghalensis,AM,sensitive
Vicia_sativa,AM,sensitive
Viola_macloskeyi,AM,sensitive
Viola_sororia,AM,sensitive
Arctophila_fulva,AM,sensitive
Arnica_chamissonis,AM,sensitive
Arnica_ovata,AM,sensitive
Arnica_griscomii_subsp._frigida,AM,sensitive
Arnica_latifolia,AM,sensitive
Arnica_longifolia,AM,sensitive
Cirsium_foliosum,AM,sensitive
Delphinium_glaucum,AM,sensitive
Ephedra_nevadensis,AM,sensitive
Ephedra_trifurca,AM,sensitive
Geranium_oreganum,AM,sensitive
Iris_virginica,AM,sensitive
Lathyrus_hirsutus,AM,sensitive
Leersia_virginica,AM,sensitive
Lysimachia_thyrsiflora,AM,sensitive
Medicago_lupulina,AM,sensitive
Medicago_polymorpha,AM,sensitive
Medicago_scutellata,AM,sensitive
Parnassia_palustris,AM,sensitive
Ranunculus_sceleratus,AM,sensitive
Rubus_chamaemorus,AM,sensitive
Trifolium_nigrescens,AM,sensitive
Viburnum_lantana,AM,sensitive
Viburnum_opulus_var._americanum,AM,sensitive
Vicia_grandiflora,AM,sensitive
Vicia_lutea,AM,sensitive
Allium_textile,AM,tolerant
Allium_tribracteatum,AM,tolerant
Artemisia_arbuscula,AM,tolerant
Artemisia_cana,AM,tolerant
Artemisia_frigida,AM,tolerant
Artemisia_ludoviciana,AM,tolerant
Artemisia_nova,AM,tolerant
Artemisia_rigida,AM,tolerant
Artemisia_tridentata,AM,tolerant
Artemisia_tripartita,AM,tolerant
Berberis_fendleri,AM,tolerant
Bromus_anomalus,AM,tolerant
Bromus_rubens,AM,tolerant
Cornus_rugosa,AM,tolerant
Cotoneaster_integerrimus,AM,tolerant
Crepis_acuminata,AM,tolerant
Cytisus_scoparius,AM,tolerant
Delphinium_andersonii,AM,tolerant
Elymus_elymoides,AM,tolerant
Elymus_glaucus,AM,tolerant
Elymus_sibiricus,AM,tolerant
Elymus_trachycaulus,AM,tolerant
Ephedra_torreyana,AM,tolerant
Ephedra_viridis,AM,tolerant
Erigeron_compositus,AM,tolerant
Erigeron_eatonii,AM,tolerant
Erigeron_linearis,AM,tolerant
Erodium_botrys,AM,tolerant
Festuca_californica,AM,tolerant
Geum_triflorum,AM,tolerant
Juniperus_communis,AM,tolerant
Juniperus_monosperma,AM,tolerant
Juniperus_occidentalis,AM,tolerant
Juniperus_osteosperma,AM,tolerant
Juniperus_scopulorum,AM,tolerant
Juniperus_virginiana,AM,tolerant
Koeleria_macrantha,AM,tolerant
Lathyrus_latifolius,AM,tolerant
Lathyrus_sylvestris,AM,tolerant
Leymus_angustus,AM,tolerant
Leymus_racemosus,AM,tolerant
Leymus_salinus,AM,tolerant
Leymus_triticoides,AM,tolerant
Berberis_aquifolium,AM,tolerant
Berberis_nervosa,AM,tolerant
Berberis_repens,AM,tolerant
Medicago_sativa,AM,tolerant
Melilotus_officinalis,AM,tolerant
Philadelphus_microphyllus,AM,tolerant
Plantago_patagonica,AM,tolerant
Platanus_wrightii,AM,tolerant
Rhamnus_crocea,AM,tolerant
Ribes_americanum,AM,tolerant
Ribes_cereum,AM,tolerant
Ribes_erythrocarpum,AM,tolerant
Ribes_montigenum,AM,tolerant
Ribes_roezlii,AM,tolerant
Ribes_viburnifolium,AM,tolerant
Rosa_carolina,AM,tolerant
Rosa_rugosa,AM,tolerant
Rubus_allegheniensis,AM,tolerant
Rubus_idaeus,AM,tolerant
Rubus_spectabilis,AM,tolerant
Solidago_missouriensis,AM,tolerant
Tragopogon_dubius,AM,tolerant
Ulmus_pumila,AM,tolerant
Viburnum_acerifolium,AM,tolerant
Vicia_americana,AM,tolerant
Vicia_cracca,AM,tolerant
Achillea_millefolium,AM,tolerant
Agrostis_idahoensis,AM,tolerant
Allium_acuminatum,AM,tolerant
Allium_douglasii,AM,tolerant
Ammophila_arenaria,AM,tolerant
Ammophila_breviligulata,AM,tolerant
Aquilegia_formosa,AM,tolerant
Arnica_mollis,AM,tolerant
Arrhenatherum_elatius,AM,tolerant
Artemisia_furcata,AM,tolerant
Avena_fatua,AM,tolerant
Briza_maxima,AM,tolerant
Bromus_briziformis,AM,tolerant
Bromus_carinatus,AM,tolerant
Bromus_inermis,AM,tolerant
Cichorium_intybus,AM,tolerant
Clematis_ligusticifolia,AM,tolerant
Clematis_virginiana,AM,tolerant
Cornus_florida,AM,tolerant
Cornus_mas,AM,tolerant
Cornus_racemosa,AM,tolerant
Cotoneaster_acutifolius,AM,tolerant
Cotoneaster_horizontalis,AM,tolerant
Dactylis_glomerata,AM,tolerant
Danthonia_californica,AM,tolerant
Danthonia_compressa,AM,tolerant
Danthonia_intermedia,AM,tolerant
Digitaria_eriantha,AM,tolerant
Elymus_canadensis,AM,tolerant
Elymus_virginicus,AM,tolerant
Erigeron_strigosus,AM,tolerant
Fragaria_chiloensis,AM,tolerant
Holcus_lanatus,AM,tolerant
Hordeum_brachyantherum,AM,tolerant
Hordeum_vulgare,AM,tolerant
Iris_bracteata,AM,tolerant
Iris_tenax,AM,tolerant
Juniperus_chinensis,AM,tolerant
Lathyrus_japonicus,AM,tolerant
Lathyrus_polyphyllus,AM,tolerant
Lathyrus_tuberosus,AM,tolerant
Leucanthemum_vulgare,AM,tolerant
Leymus_arenarius,AM,tolerant
Leymus_cinereus,AM,tolerant
Ligustrum_obtusifolium,AM,tolerant
Ligustrum_ovalifolium,AM,tolerant
Ligustrum_vulgare,AM,tolerant
Linum_lewisii,AM,tolerant
Lonicera_japonica,AM,tolerant
Lonicera_tatarica,AM,tolerant
Lotus_corniculatus,AM,tolerant
Melica_californica,AM,tolerant
Oenothera_biennis,AM,tolerant
Onobrychis_viciifolia,AM,tolerant
Philadelphus_lewisii,AM,tolerant
Plantago_major,AM,tolerant
Platanus_racemosa,AM,tolerant
Prunella_vulgaris,AM,tolerant
Ribes_aureum,AM,tolerant
Ribes_hudsonianum,AM,tolerant
Ribes_sanguineum,AM,tolerant
Ribes_viscosissimum,AM,tolerant
Rosa_californica,AM,tolerant
Rosa_woodsii,AM,tolerant
Rubus_occidentalis,AM,tolerant
Rubus_odoratus,AM,tolerant
Rubus_ursinus,AM,tolerant
Senecio_vulgaris,AM,tolerant
Solidago_canadensis,AM,tolerant
Solidago_flexicaulis,AM,tolerant
Solidago_gigantea,AM,tolerant
Solidago_nemoralis,AM,tolerant
Solidago_rugosa,AM,tolerant
Solidago_sempervirens,AM,tolerant
Spiraea_douglasii,AM,tolerant
Spiraea_japonica,AM,tolerant
Spiraea_trilobata,AM,tolerant
Taxus_baccata,AM,tolerant
Taxus_brevifolia,AM,tolerant
Taxus_canadensis,AM,tolerant
Taxus_cuspidata,AM,tolerant
Elymus_hispidus,AM,tolerant
Elymus_elongatus,AM,tolerant
Tragopogon_porrifolius,AM,tolerant
Trifolium_ambiguum,AM,tolerant
Trifolium_hirtum,AM,tolerant
Trifolium_longipes,AM,tolerant
Trifolium_macrocephalum,AM,tolerant
Trifolium_subterraneum,AM,tolerant
Trisetum_spicatum,AM,tolerant
Ulmus_americana,AM,tolerant
Ulmus_parvifolia,AM,tolerant
Ulmus_rubra,AM,tolerant
Viburnum_lantanoides,AM,tolerant
Viburnum_opulus,AM,tolerant
Viburnum_prunifolium,AM,tolerant
Vicia_villosa,AM,tolerant
Viola_pubescens,AM,tolerant
Euonymus_fortunei,AM,tolerant
Berberis_amurensis,AM,tolerant
Berberis_vulgaris,AM,tolerant
Clematis_alpina,AM,tolerant
Cornus_controversa,AM,tolerant
Cornus_kousa,AM,sensitive
Cornus_sanguinea,AM,tolerant
Cornus_sericea,AM,sensitive
Cotoneaster_bullatus,AM,tolerant
Cupressus_sempervirens,AM,tolerant
Daphne_laureola,AM,tolerant
Daphne_mezereum,AM,tolerant
Euonymus_alatus,AM,sensitive
Euonymus_americanus,AM,tolerant
Euonymus_europaeus,AM,tolerant
Euonymus_latifolius,AM,tolerant
Euonymus_oxyphyllus,AM,tolerant
Euonymus_hamiltonianus,AM,tolerant
Euonymus_verrucosus,AM,tolerant
Genista_anglica,AM,tolerant
Genista_pilosa,AM,tolerant
Genista_tinctoria,AM,tolerant
Juniperus_deppeana,AM,tolerant
Juniperus_sabina,AM,tolerant
Ligustrum_lucidum,AM,tolerant
Linnaea_borealis,AM,tolerant
Lonicera_alpigena,AM,sensitive
Lonicera_caerulea,AM,sensitive
Lonicera_nigra,AM,tolerant
Lonicera_xylosteum,AM,tolerant
Platanus_orientalis,AM,tolerant
Polygala_chamaebuxus,AM,sensitive
Rhamnus_alpina,AM,tolerant
Rhamnus_cathartica,AM,tolerant
Rhamnus_saxatilis,AM,tolerant
Ribes_alpinum,AM,tolerant
Ribes_nigrum,AM,sensitive
Ribes_petraeum,AM,tolerant
Ribes_rubrum,AM,sensitive
Ribes_spicatum,AM,sensitive
Rosa_agrestis,AM,tolerant
Rosa_arvensis,AM,tolerant
Rosa_canina,AM,tolerant
Rosa_caesia,AM,tolerant
Rosa_corymbifera,AM,tolerant
Rosa_davurica,AM,tolerant
Rosa_elliptica,AM,tolerant
Rosa_gallica,AM,tolerant
Rosa_majalis,AM,tolerant
Rosa_micrantha,AM,tolerant
Rosa_obtusifolia,AM,tolerant
Rosa_pendulina,AM,tolerant
Rosa_xanthina,AM,tolerant
Rosa_glauca,AM,tolerant
Rosa_sherardii,AM,tolerant
Rosa_subcanina,AM,tolerant
Rosa_subcollina,AM,tolerant
Rosa_villosa,AM,tolerant
Rubus_caesius,AM,tolerant
Rubus_phoenicolasius,AM,tolerant
Sambucus_cerulea,AM,tolerant
Sambucus_ebulus,AM,tolerant
Sambucus_nigra,AM,tolerant
Sorbus_alnifolia,AM,sensitive
Sorbus_aria,AM,tolerant
Sorbus_domestica,AM,tolerant
Sorbus_torminalis,AM,tolerant
Spiraea_salicifolia,AM,sensitive
Thymus_serpyllum,AM,tolerant
Ulex_europaeus,AM,tolerant
Ulex_gallii,AM,sensitive
Ulex_minor,AM,sensitive
Ulmus_davidiana,AM,sensitive
Ulmus_glabra,AM,sensitive
Ulmus_laevis,AM,sensitive
Ulmus_minor,AM,tolerant
Viburnum_furcatum,AM,sensitive
Viburnum_rufidulum,AM,tolerant
Triglochin_scilloides,AM,sensitive
Menyanthes_trifoliata,AM,sensitive
Hesperis_matronalis,AM,tolerant
Iberis_sempervirens,AM,tolerant
Phytolacca_americana,AM,tolerant
Amaranthus_californicus,AM,sensitive
Armeria_maritima,AM,sensitive
Corydalis_caseana,AM,sensitive
Corydalis_flavula,AM,sensitive
Pycreus_bipartitus,AM,sensitive
Pycreus_flavescens,AM,sensitive
Eleocharis_acicularis,AM,sensitive
Eleocharis_palustris,AM,sensitive
Glyceria_canadensis,AM,sensitive
Glyceria_melicaria,AM,sensitive
Glyceria_obtusa,AM,sensitive
Glyceria_striata,AM,sensitive
Juncus_articulatus,AM,sensitive
Juncus_bufonius,AM,sensitive
Juncus_tenuis,AM,sensitive
Juncus_triglumis,AM,sensitive
Limonium_carolinianum,AM,sensitive
Luzula_parviflora,AM,sensitive
Luzula_spicata,AM,sensitive
Oxyria_digyna,AM,sensitive
Phragmites_australis,AM,sensitive
Persicaria_hydropiperoides,AM,sensitive
Persicaria_sagittata,AM,sensitive
Puccinellia_nuttalliana,AM,sensitive
Bolboschoenus_fluviatilis,AM,sensitive
Bolboschoenus_maritimus,AM,sensitive
Typha_angustifolia,AM,sensitive
Veronica_americana,AM,sensitive
Veronica_wormskjoldii,AM,sensitive
Acorus_calamus,AM,sensitive
Alisma_gramineum,AM,sensitive
Berula_erecta,AM,sensitive
Caltha_leptosepala,AM,sensitive
Caltha_palustris,AM,sensitive
Eleocharis_ovata,AM,sensitive
Eleocharis_quadrangulata,AM,sensitive
Eleocharis_rostellata,AM,sensitive
Galium_aparine,AM,sensitive
Galium_obtusum,AM,sensitive
Galium_oreganum,AM,sensitive
Galium_trifidum,AM,sensitive
Hippuris_vulgaris,AM,sensitive
Juncus_castaneus,AM,sensitive
Myosotis_scorpioides,AM,sensitive
Persicaria_amphibia,AM,sensitive
Persicaria_hydropiper,AM,sensitive
Sagittaria_latifolia,AM,sensitive
Typha_latifolia,AM,sensitive
Galium_boreale,AM,tolerant
Juncus_effusus,AM,tolerant
Myrica_gale,AM,tolerant
Persicaria_pensylvanica,AM,tolerant
Persicaria_maculosa,AM,tolerant
Myricaria_germanica,AM,sensitive
Veronica_fruticans,AM,tolerant
Lobelia_cardinalis,AM,tolerant
Abies_amabilis,EEM,sensitive
Abies_balsamea,EEM,sensitive
Abies_fraseri,EEM,sensitive
Abies_grandis,EEM,sensitive
Abies_lasiocarpa,EEM,sensitive
Abies_magnifica,EEM,sensitive
Abies_procera,EEM,sensitive
Alnus_incana,EEM,sensitive
Alnus_maritima,EEM,sensitive
Betula_nigra,EEM,sensitive
Betula_occidentalis,EEM,sensitive
Betula_papyrifera,EEM,sensitive
Betula_pendula,EEM,sensitive
Betula_pumila,EEM,sensitive
Carpinus_caroliniana,EEM,sensitive
Larix_laricina,EEM,sensitive
Larix_occidentalis,EEM,sensitive
Picea_breweriana,EEM,sensitive
Picea_engelmannii,EEM,sensitive
Picea_mariana,EEM,sensitive
Picea_sitchensis,EEM,sensitive
Pinus_banksiana,EEM,sensitive
Pinus_canariensis,EEM,sensitive
Pinus_clausa,EEM,sensitive
Pinus_coulteri,EEM,sensitive
Pinus_elliottii,EEM,sensitive
Pinus_glabra,EEM,sensitive
Pinus_monticola,EEM,sensitive
Pinus_mugo,EEM,sensitive
Pinus_muricata,EEM,sensitive
Pinus_palustris,EEM,sensitive
Pinus_radiata,EEM,sensitive
Pinus_resinosa,EEM,sensitive
Pinus_taeda,EEM,sensitive
Quercus_bicolor,EEM,sensitive
Quercus_gambelii,EEM,sensitive
Quercus_laurifolia,EEM,sensitive
Quercus_nigra,EEM,sensitive
Quercus_palustris,EEM,sensitive
Quercus_velutina,EEM,sensitive
Alnus_rhombifolia,EEM,sensitive
Larix_decidua,EEM,sensitive
Larix_kaempferi,EEM,sensitive
Pinus_serotina,EEM,sensitive
Pinus_strobus,EEM,sensitive
Quercus_lyrata,EEM,sensitive
Quercus_phellos,EEM,sensitive
Alnus_glutinosa,EEM,tolerant
Larix_lyallii,EEM,tolerant
Picea_glauca,EEM,tolerant
Pinus_albicaulis,EEM,tolerant
Pinus_aristata,EEM,tolerant
Pinus_cembroides,EEM,tolerant
Pinus_edulis,EEM,tolerant
Pinus_flexilis,EEM,tolerant
Pinus_monophylla,EEM,tolerant
Pinus_ponderosa,EEM,tolerant
Pinus_pungens,EEM,tolerant
Pinus_sabiniana,EEM,tolerant
Pinus_virginiana,EEM,tolerant
Quercus_chrysolepis,EEM,tolerant
Quercus_dumosa,EEM,tolerant
Quercus_garryana,EEM,tolerant
Quercus_laevis,EEM,tolerant
Quercus_macrocarpa,EEM,tolerant
Quercus_marilandica,EEM,tolerant
Quercus_muehlenbergii,EEM,tolerant
Quercus_pumila,EEM,tolerant
Quercus_shumardii,EEM,tolerant
Quercus_stellata,EEM,tolerant
Abies_concolor,EEM,tolerant
Alnus_rubra,EEM,tolerant
Betula_alleghaniensis,EEM,tolerant
Betula_lenta,EEM,tolerant
Betula_nana,EEM,tolerant
Betula_populifolia,EEM,tolerant
Corylus_americana,EEM,tolerant
Corylus_cornuta,EEM,tolerant
Picea_abies,EEM,tolerant
Picea_pungens,EEM,tolerant
Picea_rubens,EEM,tolerant
Pinus_echinata,EEM,tolerant
Pinus_jeffreyi,EEM,tolerant
Pinus_lambertiana,EEM,tolerant
Pinus_nigra,EEM,tolerant
Pinus_rigida,EEM,tolerant
Pinus_sylvestris,EEM,tolerant
Quercus_acutissima,EEM,tolerant
Quercus_agrifolia,EEM,tolerant
Quercus_alba,EEM,tolerant
Quercus_coccinea,EEM,tolerant
Quercus_kelloggii,EEM,tolerant
Quercus_lobata,EEM,tolerant
Quercus_rubra,EEM,tolerant
Quercus_virginiana,EEM,tolerant
Pinus_contorta,EEM,tolerant
Quercus_michauxii,EEM,tolerant
Abies_alba,EEM,sensitive
Abies_firma,EEM,tolerant
Abies_homolepis,EEM,tolerant
Abies_mariesii,EEM,sensitive
Abies_nordmanniana,EEM,sensitive
Abies_sibirica,EEM,sensitive
Abies_veitchii,EEM,tolerant
Alnus_formosana,EEM,tolerant
Alnus_hirsuta,EEM,tolerant
Alnus_japonica,EEM,sensitive
Alnus_pendula,EEM,sensitive
Alnus_alnobetula,EEM,sensitive
Betula_ermanii,EEM,sensitive
Betula_humilis,EEM,sensitive
Betula_maximowicziana,EEM,sensitive
Betula_platyphylla,EEM,tolerant
Betula_pubescens,EEM,sensitive
Carpinus_betulus,EEM,tolerant
Carpinus_cordata,EEM,sensitive
Carpinus_laxiflora,EEM,sensitive
Carpinus_tschonoskii,EEM,tolerant
Corylus_avellana,EEM,tolerant
Corylus_colurna,EEM,tolerant
Corylus_heterophylla,EEM,tolerant
Corylus_sieboldiana,EEM,tolerant
Fagus_crenata,EEM,sensitive
Fagus_engleriana,EEM,sensitive
Fagus_longipetiolata,EEM,sensitive
Fagus_lucida,EEM,sensitive
Larix_gmelinii,EEM,sensitive
Larix_sibirica,EEM,sensitive
Picea_glehnii,EEM,tolerant
Picea_jezoensis,EEM,sensitive
Picea_obovata,EEM,sensitive
Picea_omorika,EEM,tolerant
Pinus_attenuata,EEM,tolerant
Pinus_balfouriana,EEM,tolerant
Pinus_bungeana,EEM,tolerant
Pinus_cembra,EEM,tolerant
Pinus_densiflora,EEM,tolerant
Pinus_halepensis,EEM,tolerant
Pinus_koraiensis,EEM,tolerant
Pinus_parviflora,EEM,tolerant
Pinus_sibirica,EEM,tolerant
Pinus_strobiformis,EEM,tolerant
Pinus_thunbergii,EEM,tolerant
Pinus_wallichiana,EEM,tolerant
Quercus_acuta,EEM,tolerant
Quercus_austrina,EEM,tolerant
Quercus_cerris,EEM,tolerant
Quercus_chapmanii,EEM,tolerant
Quercus_dentata,EEM,tolerant
Quercus_emoryi,EEM,tolerant
Quercus_gilva,EEM,tolerant
Quercus_glauca,EEM,tolerant
Quercus_incana,EEM,tolerant
Quercus_multinervis,EEM,tolerant
Quercus_myrtifolia,EEM,tolerant
Quercus_salicina,EEM,tolerant
Quercus_sessilifolia,EEM,tolerant
Quercus_turbinella,EEM,tolerant
Quercus_variabilis,EEM,tolerant
Quercus_wislizeni,EEM,tolerant
Arctostaphylos_pungens,EEM,tolerant
Chimaphila_umbellata,EEM,tolerant
Chamaedaphne_calyculata,EEM,sensitive
Vaccinium_corymbosum,EEM,sensitive
Vaccinium_membranaceum,EEM,sensitive
Vaccinium_uliginosum,EEM,sensitive
Phyllodoce_breweri,EEM,sensitive
Vaccinium_parvifolium,EEM,tolerant
Vaccinium_stamineum,EEM,tolerant
Empetrum_nigrum,EEM,tolerant
Vaccinium_arboreum,EEM,tolerant
Vaccinium_ovalifolium,EEM,tolerant
Vaccinium_ovatum,EEM,tolerant
Vaccinium_scoparium,EEM,tolerant
Andromeda_polifolia,EEM,sensitive
Calluna_vulgaris,EEM,sensitive
Empetrum_nigrum_subsp._hermaphroditum,EEM,sensitive
Erica_ciliaris,EEM,sensitive
Erica_cinerea,EEM,tolerant
Erica_erigena,EEM,sensitive
Erica_mackaiana,EEM,sensitive
Erica_tetralix,EEM,sensitive
Erica_vagans,EEM,sensitive
Vaccinium_erythrocarpum,EEM,sensitive
Vaccinium_macrocarpon,EEM,sensitive
Vaccinium_myrtillus,EEM,tolerant
Vaccinium_smallii,EEM,tolerant
Alopecurus_aequalis,NR,sensitive
Alopecurus_magellanicus,NR,sensitive
Alopecurus_arundinaceus,NR,sensitive
Alopecurus_pratensis,NR,sensitive
Astragalus_cicer,NR,sensitive
Hypericum_ascyron,NR,sensitive
Hypericum_prolificum,NR,sensitive
Hypericum_punctatum,NR,sensitive
Hypericum_mutilum,NR,sensitive
Alopecurus_geniculatus,NR,sensitive
Alopecurus_myosuroides,NR,sensitive
Cicuta_douglasii,NR,sensitive
Claytonia_perfoliata,NR,sensitive
Claytonia_sibirica,NR,sensitive
Hypericum_boreale,NR,sensitive
Hypericum_galioides,NR,sensitive
Valeriana_occidentalis,NR,sensitive
Hypericum_fasciculatum,NR,tolerant
Astragalus_canadensis,NR,tolerant
Hypericum_calycinum,NR,tolerant
Hypericum_cistifolium,NR,tolerant
Hypericum_gentianoides,NR,tolerant
Bassia_hyssopifolia,NR,sensitive
Brassica_juncea,NR,sensitive
Brassica_napus,NR,sensitive
Brassica_rapa,NR,sensitive
Cardamine_oligosperma,NR,sensitive
Cardamine_breweri,NR,sensitive
Cardamine_bulbosa,NR,sensitive
Cardamine_cordifolia,NR,sensitive
Cardamine_douglassii,NR,sensitive
Cardamine_pensylvanica,NR,sensitive
Ceratophyllum_demersum,NR,sensitive
Lemna_minor,NR,sensitive
Lemna_trisulca,NR,sensitive
Lemna_valdiviana,NR,sensitive
Nelumbo_lutea,NR,sensitive
Potamogeton_amplifolius,NR,sensitive
Potamogeton_crispus,NR,sensitive
Potamogeton_diversifolius,NR,sensitive
Potamogeton_gramineus,NR,sensitive
Potamogeton_natans,NR,sensitive
Potamogeton_nodosus,NR,sensitive
Potamogeton_praelongus,NR,sensitive
Potamogeton_robbinsii,NR,sensitive
Potamogeton_compressus,NR,sensitive
Rorippa_palustris,NR,sensitive
Rorippa_sylvestris,NR,sensitive
Sagina_saginoides,NR,sensitive
Saponaria_officinalis,NR,tolerant
Erysimum_capitatum,NR,tolerant
Lepidium_montanum,NR,tolerant
Carex_amphibola,NR,sensitive
Carex_aquatilis,NR,sensitive
Carex_bigelowii,NR,sensitive
Carex_blanda,NR,sensitive
Carex_capillaris,NR,sensitive
Carex_cristatella,NR,sensitive
Carex_disperma,NR,sensitive
Carex_echinata,NR,sensitive
Carex_flaccosperma,NR,sensitive
Carex_gracillima,NR,sensitive
Carex_grayi,NR,sensitive
Carex_lenticularis,NR,sensitive
Carex_leptonervia,NR,sensitive
Carex_livida,NR,sensitive
Carex_lupulina,NR,sensitive
Carex_lurida,NR,sensitive
Carex_rostrata,NR,sensitive
Carex_saxatilis,NR,sensitive
Carex_scirpoidea,NR,sensitive
Carex_scopulorum,NR,sensitive
Carex_sparganioides,NR,sensitive
Carex_stipata,NR,sensitive
Carex_vesicaria,NR,sensitive
Carex_viridula,NR,sensitive
Carex_vulpinoidea,NR,sensitive
Cyperus_compressus,NR,sensitive
Cyperus_haspan,NR,sensitive
Cyperus_lancastriensis,NR,sensitive
Cyperus_odoratus,NR,sensitive
Cyperus_strigosus,NR,sensitive
Eriophorum_virginicum,NR,sensitive
Pedicularis_groenlandica,NR,sensitive
Scirpus_atrovirens,NR,sensitive
Scirpus_cyperinus,NR,sensitive
Scirpus_georgianus,NR,sensitive
Scirpus_pallidus,NR,sensitive
Scirpus_pedicellatus,NR,sensitive
Stellaria_longipes,NR,sensitive
Carex_aurea,NR,sensitive
Carex_bella,NR,sensitive
Carex_canescens,NR,sensitive
Carex_debilis,NR,sensitive
Carex_diandra,NR,sensitive
Carex_intumescens,NR,sensitive
Carex_joorii,NR,sensitive
Carex_leptalea,NR,sensitive
Carex_limosa,NR,sensitive
Carex_luzulina,NR,sensitive
Carex_squarrosa,NR,sensitive
Carex_subspathacea,NR,sensitive
Carex_trisperma,NR,sensitive
Cyperus_acuminatus,NR,sensitive
Cyperus_pseudovegetus,NR,sensitive
Elodea_canadensis,NR,sensitive
Eriophorum_angustifolium,NR,sensitive
Eriophorum_gracile,NR,sensitive
Nymphaea_mexicana,NR,sensitive
Papaver_gorodkovii,NR,sensitive
Polemonium_acutiflorum,NR,sensitive
Polemonium_occidentale,NR,sensitive
Schoenoplectus_tabernaemontani,NR,sensitive
Scirpus_microcarpus,NR,sensitive
Scirpus_pendulus,NR,sensitive
Sparganium_americanum,NR,sensitive
Sparganium_eurycarpum,NR,sensitive
Stellaria_longifolia,NR,sensitive
Atriplex_canescens,NR,tolerant
Atriplex_lentiformis,NR,tolerant
Atriplex_nummularia,NR,tolerant
Carex_geyeri,NR,tolerant
Carex_kobomugi,NR,tolerant
Atriplex_semibaccata,NR,tolerant
Carex_cephalophora,NR,tolerant
Carex_deweyana,NR,tolerant
Carex_mertensii,NR,tolerant
Carex_raynoldsii,NR,tolerant
Cyperus_erythrorhizos,NR,tolerant
Cyperus_esculentus,NR,tolerant
